Ingredients,I-003001_S-000102,I-003002_S-004001,I-003003_S-004002,I-003004_S-000102,I-003005_S-000102,I-003006_S-000102,I-003007_S-000102,I-003008_S-000102,I-003009_S-000102,I-003010_S-000102,I-003011_S-000102,I-003012_S-000102,I-003013_S-000102,I-003014_S-000102,I-003015_S-000102,I-003016_S-000102,I-003017_S-000102,I-003018_S-000102,I-003019_S-000102,I-003021_S-000102,I-003022_S-000102,I-003023_S-000102,I-003024_S-000102,I-003025_S-000102,I-003026_S-000102,I-003027_S-000102,I-003028_S-000102,I-003029_S-000102,I-003030_S-000102,I-003031_S-000102,I-003032_S-000102,I-003130_S-004003,I-003033_S-002001,I-003034_S-000102,I-003131_S-004007,I-003035_S-000102,I-003036_S-000102,I-003037_S-004004,I-003038_S-000102,I-003039_S-004005,I-003040_S-004006,I-003042_S-000102,I-003043_S-000102,I-003044_S-000102,I-003045_S-000102,I-003046_S-000102,I-003047_S-000102,I-003048_S-000102,I-003049_S-000102,I-003050_S-000102,I-003051_S-000102,I-003052_S-000102,I-003053_S-000102,I-003054_S-000102,I-003055_S-000102,I-003056_S-000102,I-003057_S-000102,I-003058_S-000102,I-001013_S-000102,I-003059_S-000102,I-003060_S-000102,I-003061_S-000102,I-003062_S-000102,I-003063_S-000102,I-003064_S-000102,I-003065_S-000102,I-003066_S-000102,I-003067_S-000102,I-003068_S-000102,I-003069_S-000102,I-003070_S-000102,I-003071_S-000102,I-003072_S-000102,I-003073_S-000102,I-003074_S-000102,I-003075_S-000102,I-003076_S-000102,I-003077_S-000102,I-003078_S-000102,I-003079_S-000102,I-003080_S-000102,I-003081_S-000102,I-003082_S-000102,I-003083_S-000102,I-003084_S-000102,I-003085_S-000102,I-003086_S-000102,I-003087_S-000102,I-003088_S-000102,I-003089_S-000102,I-003090_S-000102,I-003091_S-000102,I-003092_S-000102,I-003093_S-000102,I-003094_S-000102,I-003095_S-000102,I-003096_S-000102,I-003097_S-000102,I-003098_S-000102,I-003099_S-000102,I-003100_S-000102,I-003101_S-000102,I-003102_S-000102,I-003103_S-000102,I-003104_S-000102,I-003105_S-000102,I-003106_S-000102,I-003107_S-000102,I-003108_S-000102,I-003109_S-000102,I-003110_S-000102,I-003111_S-000102,I-003112_S-000102,I-003113_S-000102,I-003114_S-000102,I-003115_S-000102,I-003116_S-000102,I-001014_S-002011,I-003117_S-000102,I-003118_S-000102,I-003119_S-000102,I-003120_S-000102,I-000002_S-000102,I-003121_S-000102,I-003122_S-000102,I-003123_S-000102,I-003124_S-000102,I-003125_S-000102,I-003126_S-000102,I-003127_S-000102,I-003128_S-000102,I-003129_S-000102,OP_000007,OP_000012,OP_000022,OP_000023,OP_000006,OP_000024,OP_000025,OP_000026
Trial 97,0,0,0,0,0,0,0,0,0,0,0,0,0,0,0,0,0,15,0,0,0,0,0,0,0,0,0,0,0,0,0,0,0,0,0,0,0,0,5,0,0,0,0,0,0,0,0,0,0,0,0,2,0,0,0,0,10,0,0,0,0,0,0,0,0,0,16,0,0,0,0,0,0,0,0,0,0,0,0,0,0,0,0,0,0,0,0,0,0,0,0,0,8,0,0,4,0,0,0,9,0,0,0,0,0,0,0,12,0,0,0,0,0,0,0,0,0,0,5,4,0,0,0,0,0,0,0,0,0,0,0,0,9.3,8.4,1,5.45,1.9,0.537,49,51
Trial 107,4.2,0,0,0,7.8,0,0,0,0,0,0,0,0,0,0,0,0,0,0,10,0,2,0,0,0,0,0,0,0,0,0,0,0,0,0,0,0,0,0,38,0,0,0,0,0,0,0,0,0,0,0,0,0,0,0,0,0,0,0,0,0,0,0,0,0,0,18,0,0,0,0,0,0,0,0,0,0,0,0,0,20,0,0,0,0,0,0,0,0,0,0,0,0,0,0,0,0,0,0,0,0,0,0,0,0,0,0,0,0,0,0,0,0,0,0,0,0,0,0,0,0,0,0,0,0,0,0,0,0,0,0,0,7.9,6.5,1,5.08,2.95,0.52,44,56
Trial 117,4,0,0,0,5,0,0,0,0,0,0,0,0,5,0,0,0,12,10,6,0,0,0,0,0,0,0,0,0,0,0,0,1.5,0,0,0,0,0,0,0,0,0,0,0,0,0,0,20,0,2,0,0,0,0,0,0,0,0,0,0,0,0,0,0,0,0,12,0,2,0,0,0,0,0,0,0,0,0,0.3,0,0,0,0,0,0,0,0,0,0,11,0,0,0,0,0,0,0,2,7,0,0,0,0,0,0,0,0,0,0,0.1,0,0,0,0,0,0,0,0,0,0,0,0.1,0,0,0,0,0,0,0,0,0,0,17,7.3,1,11.89,1.67,0.673,48.6,51.1
Trial 135,8,0,0,0,4.3,0,0,0.2,0,0,0,0,0,0,0,0,0,0,0,18.6,0,3,0,0,0,0,0,0,0,0,0,0,0,0,0,0,0,0,0,29.4,0,0,0,0,0,0,0,0,0,2,0,0,0,0,0,0,0,0,0,0,0,0,0,0,0,0,29.4,0,0,0,0,0,0,0,0,0,0,0,0,0,0,0,0,0,0,0,0,0,0,0,0,0,0,0,0,0,0,0,0,0,0,0,0,0,0,0,1.5,0,0,1.6,0,0,0,0,0,0,0,0,0,0,0,0,0,0,0,2,0,0,0,0,0,0,7.9,6.1,1,4.37,1.45,0.518,41,59
Trial 137,6,0,0,5,5,0,0,0,0,0,0,0,0,0,0,0,0,12,10,5,0,0,0,0.3,0,0,0,0,0,0,0,0,0,0,0,0,0,0,0,14.5,0,0,0,0,0,0,0,10,0,2,0,0,0,0,0,0,0,0,0,0,0,0,0,0,0,0,0,0,2,0,0,0,0,0,0,0,0,0,0,0,0,8,0,0,0,0,0,0,0,11,0,0,0,0,0,0,0,2,7,0,0,0,0,0,0,0,0,0,0,0.1,0,0,0,0,0,0,0,0,0,0,0,0.1,0,0,0,0,0,0,0,0,0,0,18,6.8,1,8.97,1.65,0.629,51.1,48.9
Trial 143,3,0,0,10,2,0,0,0,0,0,0,0,0,0,0,0,0,0,0,3,0,0,0,0,0,0,0,0,0,0,0,0,0,0,0,0,0,0,6,0,0,0,0,0,0,0,0,0,0,1.5,0,0,0,0,0,0,0,0,0,0,0,0,0,0,0,0,10,0,10,0,0,0,0,0,0,0,0,0,0.3,0,0,15,0,0,0,0,0,0,0,0,0,0,0,0,14,0,0,12,5,0,0,0,0,0,0,0,0,0,0,0.1,0,0,0,0,0,0,0,0,0,0,0,0.1,0,0,0,0,0,8,0,0,0,0,15.1,16.9,1,8.78,1.7,0.626,54.6,45.1
Trial 150,4.5,0,0,0,2,0,0,0,0,0,0,0,0,10,0,0,0,0,0,2.5,0,0,0,0,0,0,0,0,0,0,0,0,0,0,0,0,0,0,6,0,0,0,0,0,0,0,0,0,0,1.5,0,0,0,0,0,0,0,0,0,0,0,0,0,0,0,0,10,0,7,0,0,0,0,0,0,0,0,0,0.3,0,0,15,0,0,0,0,0,0,0,0,0,0,0,0,14,0,0,12,5,0,0,0,0,0,0,0,0,0,0,0.1,0,0,0,0,0,0,0,0,0,0,0,0.1,0,0,0,0,0,10,0,0,0,0,16.8,16.9,1,8.54,2.65,0.6425,64.6,35.1
Trial 167,0,0,0,0,5.4,0,0,0,0,0,0,0,0,5,0,0,0,12,10,0,0,0,0,0,0,0,0,0,0,0,0,0,1.5,0,0,0,0,0,0,0,0,0,5,0,0,0,5,10,0,2,0,0,0,0,0,0,0,0,0,0,0,0,0,0,0,0,12,0,2,0,0,0,0,0,0,0,0,0,0,0,0,10,0,0,0,0,0,0,0,11,0,0,0,0,0,0,0,2,7,0,0,0,0,0,0,0,0,0,0,0.1,0,0,0,0,0,0,0,0,0,0,0,0,0,0,0,0,0,0,0,0,0,0,16.2,6.5,1,7.04,2.4,0.5662,49,46
Trial 172,0,0,0,0,3,0,0,0,0,0,0,0,0,0,0,8,0,0,0,0,0,0,0,0,0,0,0,0,0,0,0,0,0,0,0,0,0,0,3.1,0,0,0,0,0,0,0,0,0,0,1.3,0,0,0,0,0,0,0,0,0,0,0,0,0,0,0,0,11,0,0,0,7,0,0,0,0,0,0,0,0.4,0,0,16,0,0,0,0,0,0,0,0,0,5,13,0,14,0,0,12,6,0,0,0,0,0,0,0,0,0,0,0.1,0,0,0,0,0,0,0,0,0,0,0,0.1,0,0,0,0,0,0,0,0,0,0,14.9,15.5,1,6.08,2.65,0.568,52.4,47.2
Trial 182,0,0,0,0,0,0,0,0,0,0,0,0,0,0,0,0,0,8,0,0,0,0,0,0.34,0,0,0,0,0,4,0,0,0,0,0.17,0,0,0,0,6,0,0,0,0,0,0,0,0,0,0,0,14,0,0,0,0,0,0,0,0.05,0,0,0.1,0,7,0.25,6,0,0,0,0,0,0,0,9,0,0,0,0,0,5,0,0,0,0,0,0,0,0,14,0,0,0,0,0,0,0,0,0,0,0,0,2.84,0,2,0,3,0,0,0,0,0,0.25,0,0,0,0,0,0,0,0,0,0,0,0,0,15,0,0,3,0,0,31.1,13.9,1,9.89,2.2,0.606,49.09,50.91
Trial 186,0,0,4.29,0,0,0,0,0,0,0,0,0,0,0,0,0,0,0,0,0,0,0,0,0.34,0,0,0,0,0,4,0,0,0,0,0.17,0,0,0,0,0,0,0,0,0,0,0,0,0,0,0,0,29,0,0,0,0,0,0,0,0.05,0,0,0.1,0,7,0.25,5,0,0,0,0,0,0,0,9,10.5,0,0,0,0,3.5,0,0,0,0,0,0,0,0,0,0,0,0,0,0,0,0,0,0,0,2,0,0,0,4,0,0,0,0,0,0,0,0.3,0,0,0,0,0,0,0,0,0,0,0,0,0,10,0,0,10.5,0,0,29.4,24.4,1,8.96,2.45,0.585,49.04,50.96
Trial 199,0,0,5,0,0,0,0,0,0,0,0,0,0,0,0,0,0,0,0,0,0,0,0,0.37,0,0,0,0,0,4.5,0,0,0,0,0.19,0,0,0,0,5,0,0,0,0,0,0,0,0,0,0,0,14,0,0,2,0,0,0,0,0,0,0,0,0,8,0,6,0,0,0,0,0,10,0,9,0,0,0,0,0,0,0,0,0,0,0,0,0,0,0,0,0,0,0,0,0,0,0,0,0,3.66,0,0,0,0,0,0,0,0,0,0,0,0.28,0,0,0,0,0,0,0,0,0,0,0,0,0,0,11,10,11,0,0,32.3,14.6,1,6.12,2.45,0.556,55.16,44.84
Trial 106,2,0,0,21,0,0,0,0,0,0,0,0,0,0,0,0,0,0,0,0,0,2,0,0.3,0,0,0,0,0,0,0,0,1.5,0,0,0,0,0,0,0,0,0,0,0,0,0,0,16,0,0,0,15,0,0,0,0,0,0,0,0,0,0,0,0,0,0,0,0,0,0,0,0,0,0,0,0,0,0,0,0,0,1,0,0,0,0,0,0,0,13,0,0,0,0,0,0,0,0,7,0,0,0,0,0,0,0,0,0,0,0.1,0,0,0,0,0,0,0,0,0,0,0,0.1,0,0,0,0,0,21,0,0,0,0,32.8,16.98,0,11.68,0,0,40.6,59.4
Trial 111,3,0,0,0,0,0,0,0,0,0,0,0,0,18,0,0,0,0,0,0,0,0,0,0,0,5.54,0,0,0,0,0,0,2,0,0,0,0,0,10.5,0,0,0,0,0,0,0,0,0,0,1.5,0,0,0,0,0,0,0,0,0,0,0,0.5,0,0,0,0,8,0,0,0,0,0,0,0,0,0,0,0,0,0,0,0,0,0,0,0,0,0,0,0,0,0,0,0,14,0,0.46,0,6,0,0,0,0,0,0,0,0,0,0,0.5,0,0,0,0,0,0,0,0,0,0,0,2,0,0,0,0,0,28,0,0,0,0,28.36,16.65,0,5.29,0,0.63,53.96,46.04
Trial 122,0,0,0,0,3,0,0,0,0,0,0,0,0,0,0,7,0,11,0,0,0,0,0,0,0,0,0,0,0,0,0,0,0,0,0,0,0,0,3.1,0,0,0,0,0,0,0,0,0,0,1.3,0,0,0,0,0,0,0,0,0,0,0,0,0,0,0,0,0,0,0,0,0,0,0,0,0,0,0,0,0.4,0,0,11,0,0,0,0,0,0,0,0,0,5,15,0,14,0,0,12,6,0,0,0,0,0,0,0,0,0,0,0.1,0,0,0,8,3,0,0,0,0,0,0,0.1,0,0,0,0,0,0,0,0,0,0,16.96,15.26,0,9.15,0,0.531,50.4,49.2
Trial 124,2,0,0,21,0,0,0,0,0,0,0,0,0,0,0,0,0,0,0,0,0,2,0,0.3,0,0,0,0,0,0,0,0,1.5,0,0,0,0,0,0,0,0,0,0,0,0,0,0,18,0,0,0,15,0,0,0,0,0,0,0,0,0,0,0,0,0,0,0,0,0,0,0,0,0,0,0,0,0.05,0,0,0,0,1,0,0,0,0,0,0,0,11,0,0,0,0,0,0,0,0,7,0,0,0,0,0,0,0,0,0,0,0.1,0,0,0,0,0,0,0,0,0,0,0,0,0,0,0,0,0,21,0,0,0,0,32.27,17.74,0,9.21,0,0.534,38.6,61.35
Trial 140,6,0,0,10,2,0,0,0,0,0,0,0,0,0,0,0,0,0,0,5,0,0,0,0,0,0,0,0,0,0,0,0,0,0,0,0,0,0,0,0,0,0,0,0,0,0,0,8,0,2,0,0,0,0,0,0,0,0,0,0,0,0,0,0,0,0,6,0,12,0,0,0,0,0,0,0,0,0,0.3,0,0,14,0,0,0,0,0,0,0,0,0,0,0,0,8,0,0,12,5,0,0,0,0,0,0,0,0,0,0,0.1,0,0,0,0,0,0,0,0,0,0,0,0.1,0,0,0,0,0,9.5,0,0,0,0,16.83,13.07,0,9.11,0,0.6,62.6,37.1
Trial 147,5,0,0,0,2,0,0,0,0,0,0,0,0,8,0,0,0,0,0,3,0,0,0,0,0,0,0,0,0,0,0,0,0,0,0,0,0,0,0,0,0,0,0,0,0,0,0,8,0,2,0,0,0,0,0,0,0,0,0,0,0,0,0,0,0,0,6,0,12,0,0,0,0,0,0,0,0,0,0.3,0,0,18.5,0,0,0,0,0,0,0,0,0,0,0,0,10,0,0,12,5,0,0,0,0,0,0,0,0,0,0,0.1,0,0,0,0,0,0,0,0,0,0,0,0.1,0,0,0,0,0,8,0,0,0,0,15.58,14.49,0,9.02,0,0.675,70.6,29.1
Trial 193,0,0,5,4,0,0,0,0,0,0,0,0,0,0,0,0,0,0,0,0,8,0,0,0.37,0,0,0,0,0,6,0,0,0,0,0.19,0,0,0,0,0,0,0,0,0,0,0,0,0,0,0,0,11,0,0,3,0,0,0,0,0,0,0,0,0,8,0,5,0,0,0,0,0,10,0,12,12,0,0,0,0,0,0,0,0,0,0,0,0,0,0,0,0,0,0,0,0,0,0,0,0,0,0,3.16,0,0,0,0,0,0,0,0,0,0.28,0,0,0,0,0,0,0,0,0,0,0,0,0,0,0,0,12,0,0,33.62,11.87,0,9.64,0,0.53,56.16,43.84
Trial 196,0,0,8,0,0,0,0,0,0,0,0,0,0,0,0,0,0,0,0,0,0,0,0,0.34,0,0,0,0,0,4,0,0,0,0,0.17,0,0,0,0,0,0,0,0,0,0,0,0,0,0,0,0,14,0,0,0,0,0,0,0,0.05,0,0,0.1,0,6,0.25,12,0,0,0,0,0,0,0,0,0,0,0,0,0,0,0,0,0,0,0,0,0,0,0,0,0,0,0,0,0,0,0,0,10,0,0,0,0,3,0,0,0,0,0,0,10.8,0.3,0,0,0,0,0,0,0,0,0,0,0,0,0,0,0,14,17,0,0,38.85,12.51,0,8.92,0,0.543,67.05,32.96
Trial 1,0,0,6,0,0,0,0,0,0,0,0,0,0,0,0,0,0,0,0,0,0,0,0,0.37,0,0,0,0,0,4,0,0,0,0,0,0.19,0,0,0,5,0,0,0,0,0,0,0,0,0,0,0,14,0,0,2,0,0,0,0,0,0,0,0,0,9,0,7,0,0,0,0,0,7,0,10,0,0,0,0,0,0,0,0,0,0,0,0,0,0,0,0,0,0,0,0,0,0,0,0,0,3.16,0,0,0,0,0,0,0,0,0,0,0,0.28,0,0,0,0,0,0,0,0,0,0,0,0,0,0,11,10,11,0,0,31.04,13.46,1,8.85,2.8,0.5421,52.16,47.84
Trial 2,0,0,0,0,0,0,0,0,0,0,0,0,0,0,0,0,0,8,0,0,0,0,0,0.34,0,0,0,0,0,4,0,0,0,0,0,0.17,0,0,0,6,0,0,0,0,0,0,0,0,0,0,0,14,0,0,0,0,0,0,0,0.05,0,0,0.1,0,7,0.25,6,0,0,0,0,0,0,0,9,0,0,0,0,0,5,0,0,0,0,0,0,0,0,14,0,0,0,0,0,0,0,0,0,0,0,0,2.84,1.5,2,0,1.5,0,0,0,0,0,0.28,0,0,0,0,0,0,0,0,0,0,0,0,0,12,0,0,6,0,0,30.83,13.74,0,7.69,0,0.5642,49.09,50.94
Trial 3,0,0,4,0,0,0,0,0,0,0,0,0,0,0,0,0,0,0,0,0,0,0,0,0.34,0,0,0,0,0,4.29,0,0,0,0,0,0.17,0,0,0,0,0,0,0,0,0,0,0,0,0,0,0,27,0,0,0,0,0,0,0,0.05,0,0,0.1,0,8,0.25,6,0,0,0,0,0,0,0,9,10.5,0,0,0,0,3.5,0,0,0,0,0,0,0,0,0,0,0,0,0,0,0,0,0,0,0,2,0,0,0,4,0,0,0,0,0,0,0,0.3,0,0,0,0,0,0,0,0,0,0,0,0,0,10,0,0,10.5,0,0,27.76,21.24,1,11.81,3,0.5444,49.04,50.96
Trial 4,0,0,8,0,0,0,0,0,0,0,0,0,0,0,0,0,0,0,0,0,0,0,0,0.34,0,0,0,0,0,4,0,0,0,0,0,0.17,0,0,0,4,0,0,0,0,0,0,0,0,0,0,0,20,0,0,0,0,0,0,0,0.05,0,0,0.1,0,8,0.25,8,0,0,0,0,0,0,0,9,0,0,0,0,0,0,0,0,0,0,0,0,0,0,0,0,0,0,0,0,0,0,0,0,0,0,0,0,0,4,0,0,0,0,0,0,8.8,0.29,0,0,0,0,0,0,0,0,0,0,0,0,0,0,0,11,14,0,0,32.13,16.67,1,10.67,3.2,0.5435,50.05,49.95
Trial 5,0,0,8,0,0,0,0,0,0,0,0,0,0,0,0,0,0,0,0,0,0,0,0,0.34,0,0,0,0,0,4,0,0,0,0,0,0.17,0,0,0,4,0,0,0,0,0,0,0,0,0,0,0,20,0,0,0,0,0,0,0,0.05,0,0,0.1,0,8,0.25,8,0,0,0,0,0,0,0,9,0,0,0,0,0,0,0,0,0,0,0,0,0,0,0,0,0,0,0,0,0,0,0,0,0,0,0,0,0,4,0,0,0,0,0,0,8.8,0.29,0,0,0,0,0,0,0,0,0,0,0,0,0,0,10,0,15,0,0,33.42,17.13,1,9.68,2.4,0.5421,50.05,49.95
Trial 6,7,0,0,0,0,0,0,0,0,0,0,0,0,0,0,0,0,0,0,0,0,0,0,0.34,0,0,0,0,0,4,0,0,0,0,0,0.17,0,0,0,5,0,0,0,0,0,0,0,0,0,0,0,19,0,0,0,0,0,0,0,0.05,0,0,0.1,0,8,0.25,9,0,0,0,0,0,0,0,9,0,0,0,0,0,0,0,0,0,0,0,0,0,0,0,0,0,0,0,0,0,0,0,0,0,0,0,0,0,4,0,0,0,0,0,0,8.8,0.3,0,0,0,0,0,0,0,0,0,0,0,0,0,0,11,0,14,0,0,33.58,17.14,1,7.31,2.4,0.5468,49.05,50.96
Trial 7,8,0,0,5,0,0,0,0,0,0,0,0,0,0,0,0,0,0,0,0,0,3,0,0.34,0,1,0,0,0,0,0,0,0,1.5,0,0,0,0,0,0,0,0,0,0,0,0,0,16,0,3,0,16,0,0,0,0,0,0,0,0,0,0,0,0,0,0,0,0,0,0,0,0,0,0,5,0,0,0,0,0,0,1,0,0,0,0,0,0,0,13,0,0,0,0,0,0,0.5,0,7,0,0,0,0,0,0,0,0,0,0,0.1,0,0,0,0,0,0,0,0,0,0,0,0.2,0,0,0,0,0,10,0,10,0,0,31.02,17.04,1,14.8,2.2,0.5124,50.1,50.54
Trial 8,0,0,8,0,0,0,0,0,0,0,0,0,0,0,0,0,0,0,0,0,0,0,0,0.34,0,0,0,0,0,4,0,0,0,0,0,0.17,0,0,0,8,0,0,0,0,0,0,0,0,0,0,0,14,0,0,0,0,0,0,0,0.05,0,0,0.1,0,8,0.2,7,0,0,0,0,0,0,0,9,10,0,0,0,0,0,0,0,0,0,0,0,0,0,0,0,0,4.05,0,0,0,0,0,0,0,0,0,1,0,4,0,0,0,0,0,0,0,0.3,0,0,0,0,0,0,0,0,0,0,0,0,0,0,0,10,12,0,0,30.59,13.39,1,7.75,3.6,0.5411,49.2,51.01
Trial 9,0,0,4.750678634,0,0,0,0,0,0,0,0,0,0,0,0,0,0,0,0,0,0,0,0,0.420455475,0,0,0,0,0,5.312131066,0,0,0,0,0.287465964,0,0,0,0,5.662921681,0,0,0,0,0,0,0,0,0,0,0,15.51224595,0,0,2.225712506,0,0,0,0,0,0,0,0,0,7.409327218,0,6.492423061,0,0,0,0,0,11.75826372,0,10.26313397,0,0,0,0,0,0,0,0,0,0,0,0,0,0,0,0,0,0,0,0,0,0,0,0,0,4.34781091,0,0,0,0,0,0,0,0,0,0,0,0.369394698,0,0,0,0,0,0,0,0,0,0,0,0,0,0,10.82,9.87,12.23,0,0,32.03,15.01,1,5.91,2.6,0.5485,59.09,48.64
Trial 10,0,0,4.725,0,0,0,0,0,0,0,0,0,0,0,0,0,0,0,0,0,0,0,0,0.4679,0,0,0,0,0,4.7222,0,0,0,0,0.1988,0,0,0,0,5.7686,0,0,0,0,0,0,0,0,0,0,0,14.6496,0,0,2.4899,0,0,0,0,0,0,0,0,0,9.9239,0,6.0056,0,0,0,0,0,8.7754,0,10.5626,0,0,0,0,0,0,0,0,0,0,0,0,0,0,0,0,0,0,0,0,0,0,0,0,0,3.8244,0,0,0,0,0,0,0,0,0,0,0,0.2527,0,0,0,0,0,0,0,0,0,0,0,0,0,0,12.58,11.75,12.06,0,0,32.72,13.43,1,7.06,1.6,0.574,58.44,50.32
Trial 11,0,0,4.171,0,0,0,0,0,0,0,0,0,0,0,0,0,0,0,0,0,0,0,0,0.4533,0,0,0,0,0,4.9699,0,0,0,0,0.2292,0,0,0,0,4.666,0,0,0,0,0,0,0,0,0,0,0,15.6891,0,0,2.8852,0,0,0,0,0,0,0,0,0,9.1978,0,6.0476,0,0,0,0,0,11.0871,0,7.8413,0,0,0,0,0,0,0,0,0,0,0,0,0,0,0,0,0,0,0,0,0,0,0,0,0,4.1114,0,0,0,0,0,0,0,0,0,0,0,0.2591,0,0,0,0,0,0,0,0,0,0,0,0,0,0,11.57,10.21,12.5,0,0,32.66,14.9,1,6.91,2,0.5829,58.62,47.27
Trial 12,0,0,5.0892,0,0,0,0,0,0,0,0,0,0,0,0,0,0,0,0,0,0,0,0,0.3531,0,0,0,0,0,5.1105,0,0,0,0,0.2063,0,0,0,0,4.6894,0,0,0,0,0,0,0,0,0,0,0,15.585,0,0,2.8388,0,0,0,0,0,0,0,0,0,9.3412,0,6.1593,0,0,0,0,0,9.1271,0,9.923,0,0,0,0,0,0,0,0,0,0,0,0,0,0,0,0,0,0,0,0,0,0,0,0,0,3.8754,0,0,0,0,0,0,0,0,0,0,0,0.2234,0,0,0,0,0,0,0,0,0,0,0,0,0,0,11.94,11.33,11.65,0,0,32.03,14.33,1,7.63,3,0.5874,58.13,49.32
Trial 13,0,0,4.992,0,0,0,0,0,0,0,0,0,0,0,0,0,0,0,0,0,0,0,0,0.2953,0,0,0,0,0,4.482,0,0,0,0,0.2039,0,0,0,0,4.753,0,0,0,0,0,0,0,0,0,0,0,15.666,0,0,1.05,0,0,0,0,0,0,0,0,0,8.564,0,5.547,0,0,0,0,0,11.875,0,9.547,0,0,0,0,0,0,0,0,0,0,0,0,0,0,0,0,0,0,0,0,0,0,0,0,0,3.233,0,0,0,0,0,0,0,0,0,0,0,0.214,0,0,0,0,0,0,0,0,0,0,0,0,0,0,11.8,11.07,12.99,0,0,34.41,14.9,1,6.4,2.2,0.6026,60.44,45.84
Trial 14,0,0,0,0,0,0,0,0,0,0,0,0,0,0,0,0,0,8.39713,0,0,0,0,0,0.3729,0,0,0,0,0,3.529,0,0,0,0,0.1373,0,0,0,0,5.4703,0,0,0,0,0,0,0,0,0,0,0,13.8033,0,0,0,0,0,0,0,0.0549,0,0,0.1045,0,7.5007,0.2797,6.4318,0,0,0,0,0,0,0,10.4218,0,0,0,0,0,5.378,0,0,0,0,0,0,0,0,14.233,0,0,0,0,0,0,0,0,0,0,0,0,3.185,0,1.763,0,3.31,0,0,0,0,0,0.287,0,0,0,0,0,0,0,0,0,0,0,0,0,15.65,0,0,4.276,0,0,30.8,12.71,0,8.35,0,0.6104,51.6,52.98
Trial 15,0,0,0,0,0,0,0,0,0,0,0,0,0,0,0,0,0,8.653,0,0,0,0,0,0.347,0,0,0,0,0,3.519,0,0,0,0,0.266,0,0,0,0,5.478,0,0,0,0,0,0,0,0,0,0,0,15.805,0,0,0,0,0,0,0,0.0486,0,0,0.1199,0,7.656,0.2437,5.157,0,0,0,0,0,0,0,10.775,0,0,0,0,0,4.543,0,0,0,0,0,0,0,0,12.485,0,0,0,0,0,0,0,0,0,0,0,0,3.333,0,2.322,0,3.038,0,0,0,0,0,0.278,0,0,0,0,0,0,0,0,0,0,0,0,0,16.367,0,0,2.975,0,0,28.82,14.09,0,9.41,0,0.6411,48.83,54.58
Trial 16,0,0,0,0,0,0,0,0,0,0,0,0,0,0,0,0,0,7.954,0,0,0,0,0,0.362,0,0,0,0,0,4.435,0,0,0,0,0.1033,0,0,0,0,6.1056,0,0,0,0,0,0,0,0,0,0,0,15.525,0,0,0,0,0,0,0,0.0589,0,0,0.0916,0,6.938,0.2676,6.59,0,0,0,0,0,0,0,9.907,0,0,0,0,0,5.551,0,0,0,0,0,0,0,0,13.616,0,0,0,0,0,0,0,0,0,0,0,0,3.229,0,2.191,0,2.57,0,0,0,0,0,0.2736,0,0,0,0,0,0,0,0,0,0,0,0,0,16.3447,0,0,2.274,0,0,29.2,14.16,0,8.93,0,0.6491,50.48,53.91
Trial 17,0,0,0,0,0,0,0,0,0,0,0,0,0,0,0,0,0,8.2842,0,0,0,0,0,0.264,0,0,0,0,0,4.1927,0,0,0,0,0.0709,0,0,0,0,6.201,0,0,0,0,0,0,0,0,0,0,0,15.376,0,0,0,0,0,0,0,0.058,0,0,0.0932,0,8.506,0.295,5.811,0,0,0,0,0,0,0,10.791,0,0,0,0,0,4.907,0,0,0,0,0,0,0,0,15.615,0,0,0,0,0,0,0,0,0,0,0,0,2.736,0,2.112,0,3.051,0,0,0,0,0,0.286,0,0,0,0,0,0,0,0,0,0,0,0,0,13.99,0,0,4.33,0,0,29.99,13.59,0,9.12,0,0.639,51.23,55.74
Trial 18,0,0,0,0,0,0,0,0,0,0,0,0,0,0,0,0,0,8.89,0,0,0,0,0,0.378,0,0,0,0,0,4.618,0,0,0,0,0.212,0,0,0,0,6.716,0,0,0,0,0,0,0,0,0,0,0,15.325,0,0,0,0,0,0,0,0.048,0,0,0.105,0,8.247,0.274,6.312,0,0,0,0,0,0,0,9.942,0,0,0,0,0,4.483,0,0,0,0,0,0,0,0,13.962,0,0,0,0,0,0,0,0,0,0,0,0,3.111,0,1.77,0,3.278,0,0,0,0,0,0.234,0,0,0,0,0,0,0,0,0,0,0,0,0,16.932,0,0,3.906,0,0,30.13,13.61,0,8.76,0,0.6597,52.33,56.41
